<?xml version="1.0" encoding="UTF-8"?>
<project-private xmlns="http://www.netbeans.org/ns/project-private/1">
    <editor-bookmarks xmlns="http://www.netbeans.org/ns/editor-bookmarks/2" lastBookmarkId="0"/>
    <open-files xmlns="http://www.netbeans.org/ns/projectui-open-files/2">
        <group>
            <file>file:/home/daw/Proyectos/java/browser_java/src/innui/archivos/Archivos.java</file>
            <file>file:/home/daw/Proyectos/java/browser_java/src/ingui/html/browser_java/IndexControlador.java</file>
            <file>file:/home/daw/Proyectos/java/browser_java/src/ingui/html/browser_java/recursos/tabla_paises.html</file>
            <file>file:/home/daw/Proyectos/java/browser_java/src/ingui/javafx/browser_java/FXMLDocumentController.java</file>
            <file>file:/home/daw/Proyectos/java/browser_java/src/ingui/html/browser_java/recursos/index.html</file>
        </group>
    </open-files>
</project-private>
